Chrom	Pos	Ref	Alt	A1	BETA
NC_035445.2	152161520	T	A	T	-0.41521
NC_035445.2	152602920	T	G	T	-0.40917
NC_035445.2	153583253	C	T	T	0.396333
NC_035445.2	153949714	C	A	C	0.410201
NC_035445.2	155087415	G	A	G	0.415699
NC_035445.2	155465938	C	T,G	T	0.416877
NC_035445.2	155847945	C	T	T	-0.42277
NC_035445.2	156160357	G	T	T	-0.40033
NC_035445.2	156370666	G	T	T	0.493485
NC_035445.2	156384352	A	G	G	0.402961
NC_035445.2	156456877	A	G	G	0.442484
NC_035445.2	156940410	G	A	G	-0.42666
NC_035445.2	159241056	G	T	T	0.407305
