#CHROM	POS	REF	ALT	A1	BETA
NC_035433.2	74500460	A	C	C	-0.40984
NC_035433.2	76166671	G	T	T	-0.40984
NC_035434.2	72733198	A	G	G	-0.40984
NC_035436.2	901328	A	C	C	-0.40984
NC_035436.2	189985344	C	T	T	-0.40984
NC_035438.2	118764636	T	C	T	0.40745
NC_035440.2	9506603	A	G	A	0.40745
NC_035445.2	156370666	G	T	G	0.475479
NC_035445.2	156384352	A	G	A	0.435935
NC_035446.2	1455979	A	C	C	-0.40984
NC_035446.2	52076210	A	G	A	0.409837
