#CHROM	POS	REF	ALT	A1	BETA
NC_035433.2	42974618	A	G	G	5.614585753
NC_035434.2	7240011	C	T	T	8.755700157
NC_035436.2	4119756	C	T	T	6.98959848
NC_035440.2	20094649	G	A	A	8.351954712
NC_035443.2	158118416	A	T	T	7.482143714
