#CHROM	POS	REF	ALT	A1	BETA
NC_035433.2	42974618	A	G	G	7.285988687
NC_035435.2	175965657	C	A	A	7.406114282
NC_035438.2	112126722	C	T	T	8.267147551
NC_035438.2	128137713	A	G	G	8.896761623
NC_035438.2	128973768	T	C	T	4.706650851
NC_035443.2	158118416	A	T	T	10.21353964
NC_035444.2	21239949	T	G	G	4.551780213
NC_035444.2	50327401	A	G	G	5.800863872
