#CHROM	POS	REF	ALT	A1	BETA
NC_035437.2	108607891	G	A	A	2.9871792
NC_035437.2	108607907	C	T	T	2.8934142
NC_035437.2	108607901	A	C	C	2.7329339
NC_035437.2	108609203	A	G	G	2.7820586
NC_035437.2	108609253	T	A	A	2.7820586
NC_035434.2	129219774	C	T	T	4.0787303
NC_035433.2	148595823	C	T	T	-3.17254
NC_035434.2	129219774	C	T	T	3.30073
NC_035440.2	60042510	T	A	A	2.483651
NC_035448.2	178302303	G	A	A	2.440143
NC_035440.2	150545815	A	T	T	-2.09642
NC_035449.2	30005296	G	A	A	1.90322
NC_035446.2	130491893	G	A	A	-1.95017
NC_035436.2	156647365	G	A	A	1.728258
NC_035438.2	43002952	A	T	T	1.048906
NC_035437.2	43249091	T	C	C	1.726244
NC_035433.2	19748244	T	C	C	1.479888
NC_035433.2	110434736	C	A	A	1.388876
NC_035439.2	13213677	G	A	A	-1.35276
