#CHROM	POS	REF	ALT	A1	BETA
NC_035433.2	12278968	C	T	C	-0.78455
NC_035441.2	99824358	C	T	T	1.363312
NC_035442.2	73212433	T	C	C	1.45798
NC_035433.2	12278968	C	T	C	-0.46213
NC_035433.2	148595823	C	T	T	-1.17999
NC_035435.2	66850789	A	G	G	-0.84274
NC_035436.2	174554515	G	A	G	-0.40159
NC_035437.2	141563759	T	G	T	0.275803
NC_035439.2	89139270	T	A	A	-0.62303
NC_035441.2	99824358	C	T	T	0.954248
NC_035442.2	73212433	T	C	C	1.049837
NC_035442.2	103208423	T	C	C	0.505952
NC_035442.2	113825460	A	C	C	0.444071
NC_035443.2	27833059	C	T	T	-0.48166
NC_035443.2	105235941	C	T	T	0.694038
NC_035444.2	145934464	C	T	T	-0.62884
NC_035447.2	117860544	A	T	A	0.390576
