#CHROM	POS	REF	ALT	A1	BETA
NC_035447.2	8928014	T	A	A	0.099459386
NC_035448.2	64340522	A	C	C	0.112143608
