#CHROM	POS	REF	ALT	A1	BETA
NC_035438.2	31937206	C	T	T	-1.378333035
NC_035446.2	127737392	C	T	T	-1.392189956
