#CHROM	POS	REF	ALT	A1	BETA
NC_035441.2	118628648	T	C	C	0.157473739
NC_035442.2	150538094	C	T	T	-0.270769151
NC_035448.2	64340522	A	C	C	0.119007532
NC_035449.2	2171047	T	C	C	0.170693058
