#CHROM	POS	REF	ALT	A1	BETA
NC_035433.2	116272264	C	A	A	0.082205338
NC_035438.2	21691707	A	G	G	-0.080625621
NC_035441.2	138796373	T	C	C	0.085670212
NC_035441.2	171585796	C	T	T	0.109375016
NC_035444.2	25777867	A	C	C	0.094680282
