#CHROM	POS	REF	ALT	A1	BETA
NC_035443.2	174467720	T	C	C	29.140963
NC_035448.2	178302291	T	C	C	27.359776
NC_035448.2	178302300	G	T	T	27.359776
NC_035448.2	65919970	A	G	A	-26.807367
NC_035437.2	108607891	G	A	A	17.912809
NC_035448.2	178302303	G	A	A	25.062447
NC_035440.2	60042510	T	A	A	16.09833
NC_035443.2	174467720	T	C	C	17.54953
NC_035445.2	16635243	C	T	T	12.91083
NC_035440.2	36586241	C	T	T	14.96894
NC_035447.2	45220840	G	T	T	-10.5483
NC_035445.2	57482880	C	T	T	-8.56763
NC_035435.2	82848049	A	G	G	-14.5734
NC_035433.2	19748244	T	C	C	10.46904
NC_035447.2	123860647	A	T	T	-12.6542
NC_035448.2	190317686	C	A	A	-13.6801
NC_035434.2	129219774	C	T	T	14.54265
NC_035442.2	158652857	A	C	C	-6.95638
