#CHROM	POS	REF	ALT	A1	BETA
NC_035441.2	171312202	C	T	T	32.86499217
NC_035443.2	158118416	A	T	T	38.2630156
NC_035447.2	124495157	A	G	G	21.28604489
