#CHROM	POS	REF	ALT	A1	BETA
NC_035434.2	116357191	T	C	T	3.7298304
NC_035436.2	35305793	T	C	C	4.266882808
NC_035440.2	20094649	G	A	A	6.359001186
NC_035443.2	158118416	A	T	T	6.44041691
NC_035444.2	21239949	T	G	G	2.609161879
