#CHROM	POS	REF	ALT	A1	BETA
NC_035435.2	4706160	A	G	G	0.009494218
NC_035446.2	112754278	T	A	T	0.009376863
