#CHROM	POS	REF	ALT	A1	BETA
NC_035443.2	174467720	T	C	C	2.098932
NC_035448.2	178302291	T	C	C	2.101829
NC_035448.2	178302300	G	T	T	2.101829
NC_035448.2	178302303	G	A	A	1.928174
NC_035433.2	19748244	T	C	C	0.906389
NC_035433.2	148595823	C	T	T	-1.30571
NC_035434.2	129219774	C	T	T	1.53343
NC_035437.2	3249952	G	A	A	0.95059
NC_035438.2	136233075	T	C	C	0.982642
NC_035440.2	60042510	T	A	A	1.253377
NC_035441.2	101568548	T	C	C	-0.90187
NC_035442.2	44790326	G	A	A	-0.72726
NC_035444.2	22822935	T	A	A	-1.34384
NC_035445.2	16635243	C	T	T	0.990108
NC_035446.2	130491893	G	A	A	-0.94083
NC_035447.2	123860647	A	T	T	-1.17101
NC_035449.2	122809959	T	C	C	-1.17182
