#CHROM	POS	REF	ALT	A1	BETA
NC_035442.2	10938079	C	T	T	-1.87405
NC_035434.2	127341479	T	C	C	1.541482
NC_035435.2	160675990	C	T	C	-0.85255
NC_035437.2	70727287	C	A	A	-1.06509
NC_035437.2	91299054	C	T	T	-0.93169
NC_035440.2	38138526	C	T	T	1.271846
NC_035440.2	98362852	T	A	A	1.541724
NC_035442.2	129989881	A	G	G	-1.53265
NC_035444.2	154628403	T	C	C	-0.86744
NC_035445.2	100405520	C	A	A	0.581808
NC_035448.2	31775666	G	T	T	-2.04705
NC_035448.2	44092069	G	A	A	1.20508
NC_035449.2	175182491	C	T	T	1.497645
