#CHROM	POS	REF	ALT	A1	BETA
NC_035433.2	124540716	A	T	T	5.954305679
NC_035441.2	132638464	A	T	T	4.641752294
NC_035442.2	8335507	A	G	G	4.892701339
NC_035442.2	28912310	G	A	A	6.544848558
NC_035443.2	158118416	A	T	T	5.276195209
