#CHROM	POS	REF	ALT	A1	BETA
NC_035437.2	29486422	G	A	A	14.2572273
NC_035441.2	50151352	T	A	A	15.09373221
NC_035443.2	185304850	A	C	C	13.06363291
